{"_wandb":{"runtime":12556},"train/grad_norm":0.062136189118027686,"train/samples":1280000,"train/dataloading_s":0.0415710253524594,"train/epochs":26.34612218014161,"_runtime":12556.033966861,"train/lr":2.501974768062792e-06,"train/loss":0.003248967230319977,"train/steps":20000,"train/episodes":1580.7673308084966,"train/update_s":0.574972114751581,"_timestamp":1.769690830528682e+09,"_step":20000}