{"_wandb":{"runtime":7765},"train/gripper/fp":18238,"train/gripper/class0_accuracy":0.8214900947459087,"train/gripper/target_zero_count":102168,"train/lr":2.627819437464417e-07,"train/gripper/accuracy":0.9501156900756675,"train/steps":12500,"train/gripper_loss":0.18492840230464935,"train/samples":400000,"train/position_loss":8.25,"train/gripper/tn":83930,"train/grad_norm":541.498,"train/dataloading_s":0.027852315469644964,"train/gripper/target_one_count":377562,"train/update_s":0.5492853896142915,"_runtime":7765.384731402,"train/gripper/pred_one_count":390107,"train/episodes":2416.8439224390395,"train/gripper/class1_accuracy":0.9849216817370392,"train/gripper/pred_zero_count":89623,"train/epochs":12.330836338974692,"train/gripper/fn":5693,"_timestamp":1.774386760495118e+09,"train/gripper/window_start_step":12001,"train/rotate6D_loss":0.59375,"train/gripper/window_end_step":12500,"_step":12500,"train/loss":9.059927940368652,"train/gripper/tp":371869}