{"_timestamp":1.7706841560896368e+09,"_wandb":{"runtime":12789},"train/update_s":0.2003023134311661,"train/epochs":12.64955463026406,"_runtime":12789.086232291,"train/joints_loss":0.00714111328125,"_step":60000,"train/samples":480000,"train/grad_norm":0.848916015625,"train/lr":2.4999999999999957e-07,"train/dataloading_s":0.006564243454486132,"train/loss":0.00714111328125,"train/episodes":632.477731513203,"train/steps":60000}