{"train/joints_loss":0.140625,"train/episodes":7.3789068676540355,"train/lr":6.508491508491509e-06,"train/steps":700,"train/epochs":0.1475781373530807,"train/dataloading_s":0.011490442557260394,"train/samples":5600,"train/grad_norm":8.5865625,"_wandb":{"runtime":170},"_step":700,"train/loss":0.140625,"_timestamp":1.7715242509299183e+09,"_runtime":170.012732357,"train/update_s":0.19784496680367739}