{"train/lr":2.2713643178410797e-05,"train/dataloading_s":2.340561144622043,"_timestamp":1.7696455441371827e+09,"_runtime":676.545423022,"_step":200,"train/grad_norm":0.3311523588001728,"_wandb":{"runtime":676},"train/loss":0.01824483834207058,"train/steps":200,"train/samples":12800,"train/episodes":15.807673308084967,"train/update_s":0.5926962358620949,"train/epochs":0.2634612218014161}