{"train/gripper/class1_accuracy":1,"train/steps":3000,"train/lr":8.87839077600567e-06,"train/gripper/target_zero_count":118530,"train/samples":96000,"train/epochs":6.379161406073493,"train/gripper/fp":118530,"train/gripper/tn":0,"train/gripper/pred_one_count":479310,"_step":3000,"train/gripper_loss":0.8251973986625671,"train/gripper/target_one_count":360780,"train/gripper/pred_zero_count":0,"train/loss":640.8251953125,"train/dataloading_s":0.029640682687982915,"train/gripper/window_end_step":3000,"train/gripper/class0_accuracy":0,"train/gripper/window_start_step":2501,"train/grad_norm":30.773,"_runtime":972.840526207,"_timestamp":1.7758598443894281e+09,"train/gripper/tp":360780,"train/episodes":408.26632998870355,"train/update_s":0.25793186253681777,"_wandb":{"runtime":972},"train/gripper/fn":0,"train/gripper/accuracy":0.752707016335983,"train/rotate6D_loss":15.25,"train/position_loss":624}