{"train/update_s":0.20142107257619501,"_wandb":{"runtime":12960},"train/loss":1.3125,"train/gripper_loss":-0.061279296875,"train/episodes":731.4982379274217,"_runtime":12960.865554725,"train/samples":480000,"train/dataloading_s":0.005769185163080693,"train/steps":60000,"_timestamp":1.7720260676957014e+09,"train/lr":2.4999999999999957e-07,"train/grad_norm":500.355,"train/position_loss":1.2734375,"train/rotate6D_loss":0.10498046875,"train/epochs":9.143727974092771,"_step":60000}