{"train/epochs":0.07619773311743976,"train/position_loss":43.25,"train/episodes":6.095818649395181,"train/samples":4000,"_timestamp":1.7743579663252347e+09,"train/gripper_loss":0.564007580280304,"train/update_s":0.243394090404734,"train/gripper/window_start_step":1,"train/gripper/fp":13017,"_wandb":{"runtime":224},"train/gripper/class1_accuracy":0.5040948476179657,"train/gripper/fn":48018,"train/dataloading_s":0.008561636665835976,"_step":500,"train/gripper/class0_accuracy":0.4382201890293902,"train/gripper/accuracy":0.491375,"train/steps":500,"train/gripper/tp":48811,"train/rotate6D_loss":2.75,"train/grad_norm":6169.36,"train/gripper/pred_one_count":61828,"train/gripper/pred_zero_count":58172,"train/gripper/tn":10154,"_runtime":224.243821798,"train/lr":2.5124875124875125e-06,"train/loss":46.56400680541992,"train/gripper/window_end_step":500,"train/gripper/target_zero_count":23171,"train/gripper/target_one_count":96829}