{"train/epochs":20.28011914569998,"_step":20000,"train/steps":20000,"train/loss":0.00788364838808775,"train/lr":2.5079586201270073e-06,"train/episodes":2433.6142974839977,"_wandb":{"runtime":12747},"train/update_s":0.5762235123198479,"train/grad_norm":0.1105676331371069,"_timestamp":1.7690077156623058e+09,"_runtime":12747.445700871,"train/dataloading_s":0.02932205828721635,"train/samples":1280000}