{"_runtime":3452.953572312,"train/dataloading_s":2.4354743556305767,"_wandb":{"runtime":3452},"train/steps":800,"_timestamp":1.7691998374608755e+09,"train/grad_norm":0.19381948694586754,"train/lr":9.864929631675843e-05,"train/samples":102400,"train/epochs":1.6655823031880286,"train/update_s":1.1972561358520761,"train/loss":0.014585278928279877,"_step":800,"train/episodes":133.24658425504228}