{"train/samples":400000,"train/steps":100000,"train/loss":4.3245038986206055,"_step":100000,"train/update_s":0.22684459258336573,"train/grad_norm":401.2532986831665,"train/lr":2.4999999999999957e-07,"train/epochs":4.897699305751123,"train/rotate6D_loss":0.07174120843410492,"_wandb":{"runtime":24085},"train/dataloading_s":0.008577817594632506,"train/episodes":538.7469236326235,"train/position_loss":4.252762794494629,"train/gripper_loss":0,"_runtime":24085.403496222,"_timestamp":1.7700128309290783e+09}