{"train/lr":1.5217391304347826e-05,"train/update_s":0.5886549501668196,"train/grad_norm":0.5227430669218301,"train/dataloading_s":0.04889828402316198,"train/samples":12800,"_step":200,"train/steps":200,"_timestamp":1.7691133060855722e+09,"train/episodes":24.336142974839976,"_runtime":199.843295004,"_wandb":{"runtime":199},"train/epochs":0.20280119145699982,"train/loss":0.05078859254717827}