{"_runtime":207.596124814,"train/dataloading_s":0.019525845935568213,"train/steps":400,"train/grad_norm":23.6875,"train/update_s":0.26471643964294345,"_timestamp":1.7715245439833667e+09,"train/joints_loss":0.36328125,"train/lr":3.511488511488512e-06,"_step":400,"train/samples":3200,"train/episodes":4.21651821008802,"_wandb":{"runtime":207},"train/epochs":0.08433036420176039,"train/loss":0.36328125}