{"_wandb":{"runtime":105},"_timestamp":1.771803266132059e+09,"train/loss":0.43359375,"train/steps":300,"_step":300,"train/dataloading_s":0.00659816060680896,"train/joints_loss":0.43359375,"train/grad_norm":14.0303125,"train/epochs":0.0632477731513203,"_runtime":105.554053152,"train/episodes":3.162388657566015,"train/lr":2.5124875124875116e-06,"train/samples":2400,"train/update_s":0.19616209311410784}