{"train/grad_norm":0.24290229007601738,"train/episodes":324.0573028157418,"train/loss":0.0068878792226314545,"train/steps":4100,"train/lr":9.04606342374519e-05,"_wandb":{"runtime":2149},"train/dataloading_s":0.041873736414127054,"_step":4100,"train/update_s":0.4602164963446558,"_runtime":2149.805352068,"train/epochs":5.40095504692903,"_timestamp":1.76954187200962e+09,"train/samples":262400}