{"train/steps":12400,"train/grad_norm":0.11105447828769684,"train/episodes":980.075745101268,"train/loss":0.002930354792624712,"_runtime":10290,"train/dataloading_s":0.0377976459171623,"_timestamp":1.769552163476724e+09,"_wandb":{"runtime":10290},"train/update_s":0.6986019604280591,"train/epochs":16.3345957516878,"train/lr":3.3657082212874956e-05,"train/samples":793600,"_step":12400}