{"_timestamp":1.7721752584837892e+09,"_step":60000,"train/episodes":731.4982379274217,"train/update_s":0.19816969406139107,"train/samples":480000,"_wandb":{"runtime":12812},"train/epochs":9.143727974092771,"train/rotate6D_loss":0.1357421875,"train/loss":1.1951823234558105,"train/dataloading_s":0.008810466343536973,"train/position_loss":1.0546875,"train/gripper_loss":0.007682292256504297,"train/steps":60000,"train/lr":2.500000000000038e-07,"_runtime":12812.494737485,"train/grad_norm":511.7885}