{"train/samples":3200,"_timestamp":1.7743749039837663e+09,"train/dataloading_s":0.4912248536851257,"train/lr":9.172661870503598e-07,"train/epochs":0.09864669071179753,"train/steps":100,"train/gripper/tn":5851,"train/position_loss":711.7064208984375,"train/grad_norm":3335.44,"_step":100,"train/gripper/target_one_count":18149,"train/update_s":0.28842002322897314,"_wandb":{"runtime":135},"train/gripper/target_zero_count":5851,"train/gripper/fn":18149,"train/gripper/window_end_step":100,"train/episodes":19.334751379512316,"train/gripper_loss":0.6995564103126526,"_runtime":135.334289694,"train/rotate6D_loss":11.994877815246582,"train/gripper/tp":0,"train/gripper/fp":0,"train/loss":724.40087890625,"train/gripper/accuracy":0.24379166666666666,"train/gripper/pred_one_count":0,"train/gripper/pred_zero_count":24000,"train/gripper/class0_accuracy":1,"train/gripper/window_start_step":51,"train/gripper/class1_accuracy":0}