{"_step":60000,"train/episodes":639.9040143978403,"_wandb":{"runtime":12884},"train/dataloading_s":0.011138974684290587,"train/samples":480000,"train/grad_norm":2.5765234375,"train/steps":60000,"train/lr":2.4999999999999957e-07,"train/epochs":2.666266726657668,"train/update_s":0.19840148909948765,"_timestamp":1.7707492454731436e+09,"train/loss":0.01202392578125,"_runtime":12884.699348686,"train/joints_loss":0.01202392578125}