{"_runtime":12488.103118405,"_timestamp":1.7718283071053636e+09,"train/dataloading_s":0.007129164217039943,"train/episodes":632.477731513203,"train/joints_loss":0.004241943359375,"_wandb":{"runtime":12488},"train/samples":480000,"train/lr":2.4999999999999957e-07,"train/loss":0.004241943359375,"_step":60000,"train/epochs":12.64955463026406,"train/grad_norm":0.82474609375,"train/update_s":0.19348832790274173,"train/steps":60000}