{"train/grad_norm":0.0814991656318307,"_runtime":12356.395236494,"_step":20000,"train/steps":20000,"_timestamp":1.7692798454430254e+09,"train/dataloading_s":0.028562132637016475,"_wandb":{"runtime":12356},"train/loss":0.006032502744346857,"train/lr":2.501974768062792e-06,"train/update_s":0.5747970078000799,"train/episodes":1665.5823031880286,"train/epochs":20.819778789850357,"train/samples":1280000}