{"train/rotate6D_loss":5.59375,"_runtime":43.517207481,"train/position_loss":384,"_step":100,"train/grad_norm":4871.4,"train/steps":100,"train/samples":800,"train/gripper_loss":0.4140625,"train/dataloading_s":0.013622272992506623,"train/epochs":0.015239546623487952,"train/update_s":0.2302706031873822,"train/loss":390,"_timestamp":1.7721403658985715e+09,"train/lr":5.144855144855143e-07,"_wandb":{"runtime":43},"train/episodes":1.219163729879036}