{"train/steps":400,"train/lr":3.511488511488512e-06,"train/dataloading_s":0.011599900620058178,"train/loss":0.3671875,"train/joints_loss":0.3671875,"train/update_s":0.1976709142467007,"_runtime":114.567686002,"_timestamp":1.7715234170324566e+09,"train/samples":3200,"_wandb":{"runtime":114},"train/epochs":0.08433036420176039,"train/episodes":4.21651821008802,"train/grad_norm":26.9290625,"_step":400}