{"train/lr":2.501974768062792e-06,"_wandb":{"runtime":12509},"train/epochs":20.28011914569998,"train/steps":20000,"train/samples":1280000,"train/loss":0.007305408362299204,"train/dataloading_s":0.03645927475998178,"_runtime":12509.364935651,"train/grad_norm":0.10324002280831338,"_timestamp":1.7691414701482477e+09,"train/episodes":2433.6142974839977,"train/update_s":0.57500716695562,"_step":20000}