{"train/steps":200,"_wandb":{"runtime":86},"train/dataloading_s":0.008942347541451455,"train/gripper_loss":0.494140625,"train/update_s":0.20372042464092374,"train/position_loss":604,"train/episodes":2.438327459758072,"train/samples":1600,"_timestamp":1.7721365294991505e+09,"train/epochs":0.030479093246975904,"_step":200,"train/loss":616,"train/lr":1.5134865134865127e-06,"train/rotate6D_loss":13.5,"_runtime":86.398379318,"train/grad_norm":4425.04}