{"train/dataloading_s":0.02808714835625142,"train/joints_loss":4.798173904418945e-06,"train/gripper/class1_accuracy":0,"train/gripper/class0_accuracy":1,"train/epochs":4.439101082030889,"train/update_s":0.5484982698624954,"_wandb":{"runtime":2806},"train/gripper/fn":0,"train/gripper/tp":0,"train/gripper/tn":479730,"train/gripper/pred_one_count":0,"train/gripper/window_end_step":4500,"train/gripper/accuracy":1,"_timestamp":1.7743896156114097e+09,"train/gripper/target_one_count":0,"train/lr":7.471467688901436e-06,"train/steps":4500,"train/gripper/target_zero_count":479730,"_runtime":2806.299853193,"train/gripper/pred_zero_count":479730,"train/episodes":870.0638120780542,"train/grad_norm":0.01685740661621094,"train/loss":4.798173904418945e-06,"train/gripper_loss":0,"train/gripper/window_start_step":4001,"train/samples":144000,"_step":4500,"train/gripper/fp":0}