{"train/dataloading_s":0.010117567488923668,"train/steps":60000,"train/epochs":2.666266726657668,"_wandb":{"runtime":12911},"train/update_s":0.19981996501795948,"train/grad_norm":2.675,"train/loss":0.013427734375,"train/episodes":639.9040143978403,"_step":60000,"train/samples":480000,"train/joints_loss":0.013427734375,"_timestamp":1.7707626644589057e+09,"train/lr":2.4999999999999957e-07,"_runtime":12911.775566863}