{"train/lr":2.501974768062792e-06,"train/steps":20000,"_wandb":{"runtime":12489},"train/samples":1280000,"_step":20000,"_runtime":12489.107076892,"train/dataloading_s":0.039019377320073545,"_timestamp":1.7700789089495578e+09,"train/epochs":15.672637778403596,"train/update_s":0.5763830600772053,"train/loss":0.007563521154224873,"train/episodes":1723.9901556243954,"train/grad_norm":0.09647884961217641}