{"train/gripper/window_end_step":1500,"_runtime":916.78055527,"train/gripper/class1_accuracy":1,"train/gripper/pred_zero_count":0,"train/epochs":6.379161406073493,"train/gripper/window_start_step":1001,"train/gripper/target_zero_count":235040,"train/loss":540.8048706054688,"train/episodes":408.26632998870355,"train/gripper/target_one_count":721660,"train/lr":9.05786760345699e-06,"train/gripper/tn":0,"train/gripper_loss":0.8048543930053711,"_timestamp":1.7758614611096005e+09,"train/gripper/class0_accuracy":0,"train/grad_norm":23.882,"train/gripper/accuracy":0.7543221490540399,"_wandb":{"runtime":916},"train/rotate6D_loss":11.25,"train/samples":96000,"train/gripper/fn":0,"_step":1500,"train/gripper/pred_one_count":956700,"train/gripper/fp":235040,"train/gripper/tp":721660,"train/steps":1500,"train/update_s":0.48087098231166603,"train/position_loss":528,"train/dataloading_s":0.05258501281403005}