{"train/steps":100,"train/samples":6400,"train/epochs":0.13173061090070806,"train/dataloading_s":2.5255326626705936,"train/grad_norm":0.9866334040462971,"train/update_s":0.5961087537184357,"_wandb":{"runtime":594},"train/lr":7.721139430284856e-06,"_timestamp":1.7696446316802692e+09,"_step":100,"_runtime":594.504261025,"train/episodes":7.903836654042483,"train/loss":0.022008685395121574}