{"train/steps":15000,"train/gripper/class1_accuracy":0.987090899630574,"train/gripper/accuracy":0.9647875,"train/gripper/tp":189709,"train/loss":2.169898509979248,"train/epochs":9.143727974092771,"train/gripper/window_end_step":15000,"train/lr":3.7648479786231623e-06,"train/episodes":731.4982379274217,"train/gripper/target_one_count":192190,"train/rotate6D_loss":0.08680418878793716,"train/samples":480000,"train/position_loss":1.9856847524642944,"_wandb":{"runtime":12220},"train/gripper/fp":5970,"train/dataloading_s":0.5280458893645554,"train/gripper_loss":0.0974094569683075,"train/gripper/tn":41840,"train/gripper/window_start_step":14501,"train/gripper/class0_accuracy":0.8751307257895837,"train/gripper/target_zero_count":47810,"train/gripper/pred_one_count":195679,"train/update_s":0.2799511686777696,"train/gripper/pred_zero_count":44321,"_step":15000,"_timestamp":1.7743061048941271e+09,"train/grad_norm":296.666,"_runtime":12220.249950164,"train/gripper/fn":2481}