{"_timestamp":1.77218819689195e+09,"train/update_s":0.19921076400484888,"train/loss":0.0016937255859375,"train/lr":2.500000000000038e-07,"train/epochs":9.143727974092771,"train/episodes":731.4982379274217,"train/gripper_loss":0,"train/joints_loss":0.0016937255859375,"train/grad_norm":0.626794921875,"_wandb":{"runtime":12916},"train/steps":60000,"train/samples":480000,"train/dataloading_s":0.007522060754708946,"_runtime":12916.938983163,"_step":60000}