{"train/episodes":12.191637298790361,"train/gripper/pred_one_count":5156,"train/gripper/target_one_count":0,"_step":1000,"train/gripper/target_zero_count":240000,"train/dataloading_s":0.01020542270736769,"train/gripper/fn":0,"train/samples":8000,"train/gripper_loss":0.03691406548023224,"train/gripper/class1_accuracy":0,"train/epochs":0.1523954662348795,"_wandb":{"runtime":243},"train/gripper/window_start_step":1,"train/rotate6D_loss":1.875,"train/lr":5.009963304229931e-06,"train/gripper/accuracy":0.9785166666666667,"train/update_s":0.20893159439507872,"train/gripper/pred_zero_count":234844,"train/steps":1000,"_runtime":243.850052538,"train/gripper/fp":5156,"train/gripper/class0_accuracy":0.9785166666666667,"train/position_loss":14.625,"train/gripper/window_end_step":1000,"train/gripper/tp":0,"train/loss":16.536914825439453,"train/gripper/tn":234844,"train/grad_norm":4097.772,"_timestamp":1.7742898746402957e+09}