{"_wandb":{"runtime":16457},"train/episodes":1580.7673308084966,"train/loss":0.003248967230319977,"_timestamp":1.7695689515555553e+09,"train/grad_norm":0.062136189118027686,"train/lr":2.501974768062792e-06,"train/epochs":26.34612218014161,"train/update_s":0.7176807401771658,"_step":20000,"train/samples":1280000,"_runtime":16457.886422646,"train/dataloading_s":0.048960675015114245,"train/steps":20000}