{"train/episodes":2108.25910504401,"train/grad_norm":0.07494574688374996,"train/lr":2.5012638571170555e-06,"train/dataloading_s":0.059769193530082705,"_wandb":{"runtime":15651},"train/loss":0.002560235094279051,"train/steps":25000,"train/update_s":0.5762989258719609,"train/epochs":42.1651821008802,"train/samples":1600000,"_runtime":15651.010278647,"_step":25000,"_timestamp":1.7705131955475502e+09}