{"train/episodes":1665.5823031880286,"train/epochs":20.819778789850357,"train/lr":2.501974768062792e-06,"train/samples":1280000,"train/dataloading_s":0.04252793418010697,"train/loss":0.006652479991316795,"train/update_s":0.5749534618668258,"_runtime":12538.626696211,"train/grad_norm":0.09195731062442064,"_step":20000,"_timestamp":1.7692134235878298e+09,"train/steps":20000,"_wandb":{"runtime":12538}}