{"train/grad_norm":0.09647884961217641,"train/dataloading_s":0.041130758672952655,"train/samples":1280000,"train/lr":2.501974768062792e-06,"train/loss":0.007563521154224873,"_wandb":{"runtime":12535},"train/episodes":1723.9901556243954,"_step":20000,"_timestamp":1.7699226577927825e+09,"_runtime":12535.514101818,"train/steps":20000,"train/epochs":15.672637778403596,"train/update_s":0.5751182324485853}