{"train/episodes":548.6236784455663,"train/steps":45000,"train/samples":360000,"train/epochs":6.857795980569578,"train/loss":0.00518798828125,"train/lr":2.500000000000038e-07,"train/update_s":0.20253351676370948,"_step":45000,"train/grad_norm":0.6291044921875,"_timestamp":1.7724614357910507e+09,"_wandb":{"runtime":9743},"train/joints_loss":0.00518798828125,"_runtime":9743.787964484,"train/gripper_loss":0,"train/dataloading_s":0.005916638486087322}