{"train/lr":2.4999999999999957e-07,"train/joints_loss":0.0087890625,"train/samples":480000,"_runtime":12902.402484314,"train/epochs":12.64955463026406,"train/dataloading_s":0.010963787417858839,"train/loss":0.0087890625,"train/update_s":0.20048905425705016,"_timestamp":1.7707854507226062e+09,"train/grad_norm":0.850234375,"_wandb":{"runtime":12902},"train/steps":60000,"train/episodes":632.477731513203,"_step":60000}