{"train/dataloading_s":0.009197654449380935,"train/joints_loss":0.0181884765625,"train/grad_norm":2.745625,"_wandb":{"runtime":12763},"_runtime":12763.250815051,"train/steps":60000,"train/loss":0.0181884765625,"train/episodes":639.9040143978403,"_timestamp":1.7718597866035466e+09,"train/lr":2.4999999999999957e-07,"train/epochs":2.666266726657668,"train/update_s":0.1988202798459679,"_step":60000,"train/samples":480000}