{"_step":200,"train/lr":1.5217391304347826e-05,"_runtime":201.249462481,"train/grad_norm":0.5227430669218301,"train/steps":200,"train/epochs":0.20280119145699982,"train/loss":0.05078859254717827,"train/episodes":24.336142974839976,"_wandb":{"runtime":201},"_timestamp":1.7691135350887458e+09,"train/dataloading_s":0.05275025249458849,"train/samples":12800,"train/update_s":0.5854102786350995}