{"train/grad_norm":7.18953125,"train/epochs":0.021082591050440098,"train/episodes":1.054129552522005,"_runtime":50.229393175,"train/update_s":0.2868197427270934,"train/loss":0.8984375,"train/dataloading_s":0.030908101140521466,"train/steps":100,"train/lr":5.144855144855143e-07,"_wandb":{"runtime":50},"train/joints_loss":0.8984375,"_step":100,"train/samples":800,"_timestamp":1.7715228031618123e+09}