{"train/gripper_loss":0.140625,"_runtime":175.309150415,"train/grad_norm":5300.72,"train/position_loss":46,"_timestamp":1.772141555863026e+09,"train/steps":700,"train/loss":49.75,"train/epochs":0.10667682636441565,"_wandb":{"runtime":175},"_step":700,"train/update_s":0.20198151914402843,"train/episodes":8.534146109153253,"train/samples":5600,"train/dataloading_s":0.010178859885782003,"train/lr":6.508491508491509e-06,"train/rotate6D_loss":3.453125}