{"train/epochs":6.857795980569578,"train/episodes":548.6236784455663,"train/samples":360000,"_step":45000,"train/lr":2.500000000000038e-07,"train/position_loss":2.34375,"_timestamp":1.7724515089881113e+09,"_runtime":9666.24324138,"_wandb":{"runtime":9666},"train/loss":2.4402995109558105,"train/grad_norm":407.145,"train/dataloading_s":0.0060322680305689574,"train/gripper_loss":0.00279947929084301,"train/update_s":0.20071439032536,"train/steps":45000,"train/rotate6D_loss":0.091796875}