{"_timestamp":1.7691264381223147e+09,"_wandb":{"runtime":12450},"train/samples":1280000,"train/grad_norm":0.10769966244697571,"train/lr":2.501974768062792e-06,"_runtime":12450.238136074,"_step":20000,"train/loss":0.00788364838808775,"train/episodes":2433.6142974839977,"train/dataloading_s":0.04063351717311889,"train/update_s":0.576917205073405,"train/epochs":20.28011914569998,"train/steps":20000}