{"train/gripper/target_zero_count":46234,"_timestamp":1.774358487210164e+09,"train/gripper/pred_zero_count":96392,"train/gripper/pred_one_count":143608,"train/gripper_loss":0.5155970454216003,"train/episodes":12.191637298790361,"_runtime":320.445345363,"train/update_s":0.35206800543889405,"train/gripper/fn":78822,"train/dataloading_s":0.016418427547439933,"train/gripper/window_start_step":1,"train/gripper/accuracy":0.5521416666666666,"train/gripper/tp":114944,"train/gripper/fp":28664,"train/gripper/class0_accuracy":0.3800233594324523,"train/grad_norm":3872.72,"train/position_loss":35.25,"train/gripper/class1_accuracy":0.5932103671438745,"train/gripper/target_one_count":193766,"train/lr":3.015587529976019e-06,"train/rotate6D_loss":2.6875,"train/samples":8000,"_step":500,"train/gripper/window_end_step":500,"train/gripper/tn":17570,"train/steps":500,"_wandb":{"runtime":320},"train/loss":38.51559829711914,"train/epochs":0.1523954662348795}