{"_timestamp":1.772162356588453e+09,"train/lr":2.500000000000038e-07,"train/dataloading_s":0.011045458970591426,"_step":60000,"train/episodes":731.4982379274217,"_runtime":13010.747215934,"train/epochs":9.143727974092771,"train/update_s":0.2010943246781826,"train/rotate6D_loss":0.0693359375,"train/position_loss":1.1171875,"train/grad_norm":398.63625,"train/samples":480000,"train/gripper_loss":0.006250000558793545,"_wandb":{"runtime":13010},"train/steps":60000,"train/loss":1.193750023841858}