{"train/epochs":15.672637778403596,"train/loss":0.007563521154224873,"train/update_s":0.5736014003073797,"_wandb":{"runtime":12269},"_timestamp":1.7700970213395789e+09,"_step":20000,"train/dataloading_s":0.03028463924769312,"train/samples":1280000,"train/grad_norm":0.09647884961217641,"train/episodes":1723.9901556243954,"train/lr":2.501974768062792e-06,"train/steps":20000,"_runtime":12269.13213503}