{"train/grad_norm":1.69203125,"train/gripper_loss":-0.55078125,"train/samples":480000,"train/epochs":9.143727974092771,"_wandb":{"runtime":17048},"train/lr":2.4999999999999957e-07,"_timestamp":1.772050218721992e+09,"_step":60000,"_runtime":17048.847364161,"train/dataloading_s":0.006580296568572521,"train/joints_loss":0.0030670166015625,"train/loss":-0.546875,"train/episodes":731.4982379274217,"train/update_s":0.19962120987474918,"train/steps":60000}