{"train/steps":450,"train/lr":6.694152923538229e-05,"train/update_s":0.5755940637085587,"train/samples":28800,"train/epochs":0.4563026807782496,"_runtime":297.833246378,"train/dataloading_s":0.03642488741315901,"train/episodes":54.75632169338994,"_timestamp":1.7691139143806825e+09,"_wandb":{"runtime":297},"train/grad_norm":0.4586280733346939,"_step":450,"train/loss":0.03801390528678894}