{"train/gripper/target_one_count":362127,"train/grad_norm":544.946,"train/gripper/window_start_step":2001,"train/episodes":340.22194165725296,"train/gripper_loss":0.26713600754737854,"train/gripper/tn":58696,"train/gripper/target_zero_count":117183,"train/gripper/tp":360932,"train/update_s":0.5483862664494663,"train/gripper/pred_one_count":419419,"train/rotate6D_loss":0.8828125,"train/position_loss":12.75,"train/gripper/window_end_step":2500,"train/gripper/fp":58487,"train/gripper/class0_accuracy":0.5008917675772083,"_timestamp":1.7758614636455088e+09,"train/gripper/fn":1195,"train/samples":80000,"_wandb":{"runtime":1586},"train/lr":9.23806282814824e-06,"train/gripper/accuracy":0.8754835075420918,"_runtime":1586.696950281,"train/gripper/class1_accuracy":0.9967000527439268,"train/dataloading_s":0.028040232498198748,"train/epochs":5.315967838394577,"_step":2500,"train/gripper/pred_zero_count":59891,"train/steps":2500,"train/loss":13.892135620117188}