{"train/samples":480000,"train/grad_norm":0.660234375,"train/joints_loss":0.004425048828125,"_runtime":12449.598624972,"_timestamp":1.7718157295136006e+09,"train/epochs":12.64955463026406,"_step":60000,"train/episodes":632.477731513203,"train/update_s":0.1940493634529412,"train/steps":60000,"train/lr":2.4999999999999957e-07,"train/loss":0.004425048828125,"train/dataloading_s":0.006140878018923104,"_wandb":{"runtime":12449}}