{"_runtime":180.474577175,"train/lr":1.5134865134865127e-06,"train/dataloading_s":0.04515345073770732,"train/epochs":0.042165182100880196,"_wandb":{"runtime":180},"train/steps":200,"train/update_s":0.5289321510028094,"train/grad_norm":6.860078125,"train/joints_loss":0.7421875,"train/samples":1600,"_step":200,"_timestamp":1.7715244798222075e+09,"train/episodes":2.10825910504401,"train/loss":0.7421875}