{"_timestamp":1.770045592404833e+09,"train/gripper_loss":2.1855036891338386e-08,"train/epochs":4.897699305751123,"_runtime":18191.151880957,"train/position_loss":0.20181046426296234,"train/update_s":0.34358553250785917,"train/steps":50000,"train/episodes":538.7469236326235,"_wandb":{"runtime":18191},"train/samples":400000,"train/rotate6D_loss":0.2701126039028168,"train/loss":0.4719230830669403,"train/lr":2.4999999999999957e-07,"train/dataloading_s":0.011483421297743917,"train/grad_norm":157.80385246276856,"_step":50000}