{"train/gripper/window_end_step":5000,"train/gripper/class0_accuracy":0.5778969957081546,"train/dataloading_s":0.03008965728059411,"train/lr":9.408622259572119e-06,"train/gripper/fn":1830,"train/gripper_loss":0.13702800869941711,"train/gripper/pred_one_count":104705,"train/episodes":60.95818649395181,"train/gripper/tn":13465,"train/gripper/target_one_count":96700,"train/gripper/class1_accuracy":0.9810754912099277,"train/gripper/window_start_step":4501,"train/gripper/target_zero_count":23300,"_timestamp":1.7743158888821163e+09,"train/rotate6D_loss":0.265625,"train/gripper/accuracy":0.9027916666666667,"_runtime":1268.636985066,"train/steps":5000,"train/samples":40000,"_step":5000,"train/loss":9.137027740478516,"train/gripper/tp":94870,"train/epochs":0.7619773311743976,"train/grad_norm":787.818,"train/gripper/pred_zero_count":15295,"train/update_s":0.20565632891468705,"_wandb":{"runtime":1268},"train/gripper/fp":9835,"train/position_loss":8.75}