{"_wandb":{"runtime":12942},"train/dataloading_s":0.006564300094731152,"_runtime":12942.664034943,"_timestamp":1.7722012885274923e+09,"train/lr":2.500000000000038e-07,"_step":60000,"train/epochs":9.143727974092771,"train/steps":60000,"train/gripper_loss":0,"train/joints_loss":0.0023040771484375,"train/samples":480000,"train/grad_norm":0.635962890625,"train/loss":0.0023040771484375,"train/update_s":0.20326145601458848,"train/episodes":731.4982379274217}