{"train/loss":0.01514123659580946,"train/grad_norm":0.17393803268671035,"train/lr":9.736728387121285e-05,"train/update_s":1.124234241626691,"train/episodes":183.21405335068314,"_wandb":{"runtime":1346},"train/epochs":2.2901756668835396,"train/steps":1100,"_step":1100,"train/dataloading_s":0.07571100235451013,"_runtime":1346.25252465,"train/samples":140800,"_timestamp":1.7691947424978044e+09}