{"_wandb":{"runtime":12476},"train/update_s":0.5752725838404149,"train/epochs":15.672637778403596,"train/lr":2.501974768062792e-06,"train/steps":20000,"train/episodes":1723.9901556243954,"_timestamp":1.769958123769935e+09,"train/grad_norm":0.09647884961217641,"train/dataloading_s":0.040646982942707834,"_step":20000,"train/loss":0.007563521154224873,"_runtime":12476.334921146,"train/samples":1280000}