{"train/steps":100,"train/update_s":0.8669758108211681,"train/dataloading_s":0.10101181658217684,"train/loss":0.03096783347427845,"_wandb":{"runtime":163},"_runtime":163.492013925,"train/lr":1.54191616766467e-05,"train/episodes":12.491867273910215,"train/grad_norm":0.6007925263047218,"_step":100,"_timestamp":1.7692008216203604e+09,"train/samples":9600,"train/epochs":0.1561483409238777}