{"_timestamp":1.7691050232332458e+09,"_step":20000,"train/samples":1280000,"train/grad_norm":0.07541668234393001,"_wandb":{"runtime":12860},"_runtime":12860.452974214,"train/episodes":1389.4165535956581,"train/update_s":0.5766052212426439,"train/epochs":49.6220197712735,"train/loss":0.004324313253164291,"train/dataloading_s":0.04161577888764441,"train/steps":20000,"train/lr":2.5079586201270073e-06}