{"train/samples":179200,"_wandb":{"runtime":1736},"_runtime":1736.65488988,"_timestamp":1.7691947007150562e+09,"train/epochs":2.91476903057905,"train/update_s":1.1187000181921758,"train/loss":0.014908120036125183,"_step":1400,"train/episodes":233.181522446324,"train/grad_norm":0.2819864530861378,"train/dataloading_s":0.06262343223905191,"train/lr":9.567593114920679e-05,"train/steps":1400}