{"_wandb":{"runtime":263},"train/update_s":0.29994837953709064,"train/gripper/pred_zero_count":9308,"train/grad_norm":2827.6,"train/epochs":0.12191637298790362,"train/gripper/target_zero_count":1699,"train/gripper/tp":159,"_runtime":263.492677169,"train/dataloading_s":0.8784039651975035,"train/steps":200,"train/gripper/target_one_count":7901,"train/episodes":9.753309839032289,"train/loss":225.32545471191406,"_step":200,"train/gripper/pred_one_count":292,"train/gripper/class0_accuracy":0.9217186580341378,"train/gripper/fp":133,"train/gripper/window_start_step":181,"_timestamp":1.7742938150022175e+09,"train/gripper/accuracy":0.1796875,"train/gripper/class1_accuracy":0.020124034932287052,"train/gripper/window_end_step":200,"train/gripper/tn":1566,"train/position_loss":213.23228454589844,"train/gripper_loss":0.8475369215011597,"train/rotate6D_loss":11.245631217956543,"train/samples":6400,"train/gripper/fn":7742,"train/lr":1.9130869130869134e-06}