{"_runtime":3319.541039692,"_timestamp":1.7692000012215564e+09,"train/grad_norm":0.3342240555584431,"train/episodes":133.24658425504228,"train/dataloading_s":2.4904234899627045,"train/lr":9.864929631675843e-05,"train/update_s":1.2026090664044022,"train/steps":800,"train/epochs":1.6655823031880286,"_step":800,"train/loss":0.017943594604730606,"_wandb":{"runtime":3319},"train/samples":102400}