{"train/gripper/pred_one_count":23805,"train/gripper/fn":20,"train/lr":6.508491508491509e-06,"_wandb":{"runtime":238},"train/rotate6D_loss":2.9375,"train/gripper/accuracy":0.81875,"_runtime":238.781034821,"train/gripper/pred_zero_count":195,"train/gripper/tn":175,"train/samples":5600,"train/gripper/target_one_count":19495,"train/gripper/class1_accuracy":0.9989740959220312,"train/gripper_loss":0.3967585563659668,"train/update_s":0.20680921492166818,"train/gripper/window_end_step":700,"train/grad_norm":3859.12,"train/gripper/fp":4330,"train/gripper/target_zero_count":4505,"train/episodes":8.534146109153253,"train/position_loss":34,"train/loss":37.396759033203125,"_step":700,"train/gripper/tp":19475,"train/gripper/class0_accuracy":0.038845726970033294,"_timestamp":1.7742908811739998e+09,"train/dataloading_s":0.009059424647130072,"train/steps":700,"train/epochs":0.10667682636441565,"train/gripper/window_start_step":601}