{"train/gripper/window_end_step":1000,"train/gripper/fp":6843,"train/gripper/accuracy":0.9714875,"train/steps":1000,"train/gripper_loss":0.03811849281191826,"_step":1000,"_runtime":365.942393867,"train/dataloading_s":0.012296301135793329,"_timestamp":1.7742882763299778e+09,"train/lr":5.009963304229931e-06,"train/update_s":0.1976585989817977,"train/gripper/class1_accuracy":0,"train/position_loss":12.8125,"train/loss":14.725618362426758,"train/gripper/target_zero_count":240000,"train/samples":8000,"train/gripper/fn":0,"train/rotate6D_loss":1.875,"train/gripper/class0_accuracy":0.9714875,"train/gripper/tn":233157,"train/episodes":12.191637298790361,"train/gripper/window_start_step":1,"train/gripper/pred_zero_count":233157,"train/grad_norm":4367.466,"train/gripper/tp":0,"train/epochs":0.1523954662348795,"train/gripper/pred_one_count":6843,"train/gripper/target_one_count":0,"_wandb":{"runtime":365}}