{"train/position_loss":604,"_wandb":{"runtime":66},"train/loss":616,"train/dataloading_s":0.0060454667173326015,"train/epochs":0.030479093246975904,"train/grad_norm":4424.64,"train/steps":200,"_step":200,"train/rotate6D_loss":13.5,"train/episodes":2.438327459758072,"train/gripper_loss":0.494140625,"_runtime":66.707038358,"train/update_s":0.19739406856708228,"train/samples":1600,"_timestamp":1.7721410947636135e+09,"train/lr":1.5134865134865127e-06}