{"_step":12400,"_timestamp":1.769552163476724e+09,"train/update_s":0.6986019604280591,"train/loss":0.002930354792624712,"train/dataloading_s":0.0377976459171623,"train/steps":12400,"train/episodes":980.0757451012679,"_wandb":{"runtime":10280},"train/samples":793600,"_runtime":10280.190221558,"train/lr":3.3657082212874956e-05,"train/epochs":16.3345957516878,"train/grad_norm":0.11105447828769684}