{"train/episodes":68.04438833145059,"train/position_loss":47.75,"train/gripper/pred_one_count":478942,"train/gripper/tn":366,"train/update_s":0.6163607562594116,"_runtime":562.000042517,"_wandb":{"runtime":562},"train/grad_norm":3263.264,"_step":500,"train/samples":16000,"train/dataloading_s":0.031027134746313096,"train/epochs":1.0631935676789155,"_timestamp":1.775859614511918e+09,"train/gripper/pred_zero_count":368,"train/gripper/target_zero_count":117507,"train/rotate6D_loss":5.15625,"train/gripper_loss":0.3852393627166748,"train/gripper/tp":361801,"train/gripper/target_one_count":361803,"train/gripper/window_start_step":1,"train/gripper/accuracy":0.7556007594250068,"train/gripper/fn":2,"train/lr":5.854452042464905e-06,"train/gripper/fp":117141,"train/gripper/window_end_step":500,"train/loss":53.38523864746094,"train/gripper/class1_accuracy":0.9999944721298607,"train/gripper/class0_accuracy":0.003114708059945365,"train/steps":500}