{"train/gripper/fn":1396,"_runtime":5552.554709127,"train/gripper_loss":0.3169339597225189,"train/gripper/class1_accuracy":0.9854690801594654,"train/update_s":0.20347669094521553,"train/position_loss":1.3828125,"train/loss":1.8403714895248413,"train/gripper/tn":20678,"train/gripper/pred_one_count":97926,"_step":25000,"train/gripper/window_end_step":25000,"train/gripper/accuracy":0.961275,"train/gripper/window_start_step":24501,"train/gripper/fp":3251,"train/lr":9.68720648639539e-07,"train/gripper/tp":94675,"train/gripper/class0_accuracy":0.8641397467508045,"train/grad_norm":391.415,"train/steps":25000,"train/epochs":3.809886655871988,"train/episodes":304.790932469759,"_wandb":{"runtime":5552},"train/gripper/target_one_count":96071,"train/gripper/pred_zero_count":22074,"train/gripper/target_zero_count":23929,"train/dataloading_s":0.00941020538378507,"_timestamp":1.7743238987260556e+09,"train/rotate6D_loss":0.140625,"train/samples":200000}