{"train/update_s":0.5566506475601345,"train/gripper/fp":13889,"train/gripper/pred_zero_count":86194,"train/gripper/class1_accuracy":0.9857808960630208,"train/gripper/tp":379917,"train/gripper/class0_accuracy":0.8531864740018815,"train/position_loss":3.171875,"_timestamp":1.7743660999961798e+09,"train/gripper/pred_one_count":393806,"train/dataloading_s":0.020002177154645324,"train/epochs":7.619773311743976,"train/gripper/window_end_step":12500,"train/gripper/window_start_step":12001,"train/lr":2.627819437464417e-07,"train/gripper/fn":5480,"train/gripper/target_one_count":385397,"train/rotate6D_loss":0.1435546875,"_step":12500,"train/gripper_loss":0.12279164791107178,"train/gripper/tn":80714,"train/samples":400000,"_runtime":7482.186975103,"train/loss":3.4352917671203613,"_wandb":{"runtime":7482},"train/episodes":609.581864939518,"train/gripper/target_zero_count":94603,"train/steps":12500,"train/gripper/accuracy":0.9596479166666667,"train/grad_norm":223.474}