{"train/grad_norm":1.6866796875,"_wandb":{"runtime":12631},"train/joints_loss":0.0186767578125,"train/episodes":639.9040143978403,"train/samples":480000,"train/lr":2.4999999999999957e-07,"train/loss":0.0186767578125,"train/dataloading_s":0.005710661364719272,"train/epochs":2.666266726657668,"train/steps":60000,"_timestamp":1.7718468865633802e+09,"train/update_s":0.19860339589882642,"_runtime":12631.368543305,"_step":60000}