{"_wandb":{"runtime":84},"train/dataloading_s":0.006867892164736986,"train/steps":300,"train/epochs":0.04571863987046385,"train/lr":2.5124875124875116e-06,"_timestamp":1.7721371269690082e+09,"train/episodes":3.6574911896371085,"train/rotate6D_loss":8.6875,"train/position_loss":148,"_runtime":84.969699549,"train/loss":158,"train/update_s":0.20140861419029535,"train/grad_norm":9351.68,"train/samples":2400,"train/gripper_loss":0.609375,"_step":300}